x,y,z
0.0014350936320156567,0.006042709232573829,-0.007145324949244729
0.006746454034663008,-0.00018926884862455027,0.002386677841270337
-0.003211826873561448,-0.004331266066330364,0.010278602923912097
0.0033355367182086298,0.002336254926571881,0.01931292063333758
-0.006779233567076052,-0.006283848470765617,0.02856158141224241
0.0038755414618266404,0.008732856005890561,0.03277222423344921
-0.004097565340218226,0.0051410898192490945,0.03603313012970702
0.0008592997107156774,-0.0032794932902875332,0.039117266138625546
-0.0005879948071217114,0.0035701404464592887,0.045190725206162456
0.006338983657358514,-0.003097943012872594,0.052163739846580265
0.001995369509809823,-0.003457354159256724,0.051140857601825435
0.0040543180013024515,0.0020697618855257576,0.060802493226430894
0.001577469594418206,-0.0027013761151372627,0.06799249895344567
-0.0024205067786461213,0.000755153866614874,0.07657005617555598
-0.001358520980048694,0.0033990952397676905,0.0740754931396727
-0.0011539630786006948,-0.005458970385600433,0.08339653834004841
0.0003146163333009257,-0.0007890506515888533,0.08831477199350551
0.005360778760415895,0.005695171347369631,0.09010954301932005
0.004696457973023579,-0.006892278451483968,0.09762074221452892
-0.0006937823836870277,0.00044424241068520646,0.10195558469263107
-0.002889875117627034,0.00030661527497374754,0.10895815268188815
-0.002564803157041195,0.0026650538088958844,0.12104531996553362
-0.0002402201243203308,7.279165036897335e-05,0.12282663546430193
-0.0018179531731006952,-0.0020455728563661723,0.12434064175204837
0.002593554887976959,-0.0003366386812462469,0.133528454698116
0.000802170452863315,0.00212269937018775,0.14534894247878874
-0.001094183278357201,-0.0016046890651216692,0.1460536906619545
-0.003382010633293314,0.005089720470622091,0.15454296484585386
0.0027756990514456537,-0.0004784598274949176,0.15938290970402758
0.004200818866554467,0.0019996239977405385,0.1608912421940114
-0.006740291982753182,0.0037878494152877853,0.16618476150052422
-0.003372937527329507,0.0035623935282241706,0.1745370432913207
-0.005675345805449967,-0.0003961654949202101,0.1776940135919648
0.0039704472218848935,-0.007580487317432436,0.18281529889930945
-0.0005529964718171856,0.0056756016521209,0.18561057464173286
-0.011761727742024396,-0.005536113326341727,0.1965830053081155
0.0032383683959789317,0.006934170277308869,0.20272105892791467
-0.003209241214114667,0.003537558360448353,0.20665967963264614
-0.0008038317784207753,7.021018435614407e-05,0.21738880699693652
-0.003605765477427094,-0.004095709112552614,0.21761100657122553
-0.00026627980622058705,-0.003257834517356731,0.2199458611152846
0.0015106366401697762,0.005351340537328164,0.23190224682139257
0.002740484443865569,0.004982949506470199,0.22667298060157498
-0.006041307344548689,-0.002821592775716189,0.23544301911101126
-0.003957590897571435,0.00027949601534629526,0.24067249723453019
-0.001773988073581299,-0.008172618727797601,0.24750074976487046
0.0053821915437063,-0.0021715803986236903,0.25827979569209986
0.002832616856641639,-0.0019636094209468753,0.26488617132436204
0.0008581411417152442,0.0027896207827979914,0.26561421351861864
-0.005760685270719542,-0.004088479571402505,0.2715237504287595
0.0021433147786136734,-0.0008172359477985597,0.27773438368245973
-0.0007187254893090112,0.0043990274662057014,0.2826142055272
0.006045326675660328,-0.004910371383034148,0.2881338525732332
0.0034200106043040324,0.002071307496065669,0.29266734834254426
-0.00043613595345722396,-0.0028357189043923597,0.3050800627614007
0.0021589625881076476,-0.002852437186412679,0.3088513032097065
-0.0014685841482987552,-0.00028766631099707993,0.3131076213912776
-0.002256176973167099,0.0017000291313931254,0.3202768837812645
0.0017037266232807758,0.004418558828384362,0.3229353817986204
-0.005931437453800778,-0.001956288021438836,0.3304118861045812
8.79428551053242e-05,0.0023147521669002824,0.33842120191606645
-0.0004703595900302689,-0.0004414805581476067,0.3368324927643633
0.004132382081965586,-0.0010557463011513436,0.3420354843377232
-0.004457495527131173,-0.0016590631065142047,0.35817690410330466
0.0030901850804777027,-0.006776168944953703,0.35704744167771757
0.0010558385329734058,0.0025062292990023806,0.36450314284240465
-0.0025629660477923706,0.001647545634228338,0.36649848155837433
-0.008962593694051054,-0.0028354539102612647,0.3715578067157559
0.003814516035253483,0.004224018700735706,0.375707150457858
0.0006956382128611666,0.0003605411699384171,0.37973167834281557
-0.00821254662650014,-0.0003710616049651438,0.391607227422734
-0.0023793283004480774,-0.010844665981645414,0.3965301087782106
-0.0023144794989114954,-0.0035576253370902177,0.40093788883275633
-0.00451422677294144,0.0022393709122747255,0.40786364450997536
-0.0022378265478284307,0.0011274904305369805,0.4132794203399924
-0.006072824820635472,-0.0005765870212556185,0.41716578724469155
-0.006962862708999203,-0.0026081699118146915,0.4262863662450438
-0.0024779824913670964,0.005630029702905982,0.43696046350594214
-0.00122538145544507,0.002213737697184704,0.4437248005355002
-0.001326106089400896,-0.0035958283349801384,0.4396514541423167
-0.0054968858106216895,-0.0053967407554481395,0.44776198167487763
-0.0016670255915361178,0.0009857670262234308,0.45446746292250373
-0.003057264372709222,-0.0007778093693326852,0.45702334142487233
-0.002674659601757205,-0.0033458226882962473,0.4649493529878168
-0.0005609857448594361,0.001329147198628739,0.47327743199474437
0.004056869726443274,-0.004448236730736777,0.4714370404471865
-0.0010250057294386118,0.0004945484581435576,0.484200469208846
-0.003848708555768067,-0.001747412302349409,0.48702166233183636
0.004915460476470933,0.005516937153287674,0.48759620571536844
-0.0008481489719734562,-0.003231001149449721,0.500596620422851
0.0017876002596515597,-0.001431184632112564,0.5003483087984745
0.0011798093603999325,0.003921176240248654,0.5053101116918355
-0.0012946472445080188,0.00045189507275004244,0.514038527912935
0.001351467986635982,-0.003998306635079582,0.517173362158118
-0.008400420610605155,0.0002229346507552709,0.5294202924959936
-0.008228781616168288,-0.002527231987922699,0.5343203536946928
-0.0005712109461376832,-0.007580171278270177,0.5409880024889885
-0.005703878551444137,0.0054836418630080834,0.5395608789456044
-0.0028261817516269513,0.0001077784232749323,0.5473973313339889
0.0024019020914080153,0.002010024226835394,0.5524808755226541
0.005290131314827499,0.002853899285193714,0.559754384351309
0.0005404605697887843,-0.00038130085112519896,0.5639354872771483
0.0026595959735699975,0.0018970132020326355,0.5699913415866992
0.004060451693589262,-0.0010488461117954687,0.5771625789636198
0.0034380951334079582,-0.004462017340142231,0.5799491271081053
0.006675225866313006,-0.0038284142046582357,0.5912004971979503
-0.004239051409084399,0.00162214156134922,0.5879220140832461
-0.00246555545961029,-0.0015012489855227168,0.5955700816752885
0.004034276235657075,0.0033339771864864375,0.6068321951729855
0.0007739532285776672,0.006546766596153786,0.6130537169671922
0.0012990114599839364,-0.0041951429195333035,0.61726692612145
0.0026086339951588056,0.00037736974468439966,0.622963281233601
0.003079746097090278,-0.0011938382143570618,0.6279595044666103
0.001388261960450812,0.0012525986310875077,0.6299177304662555
-0.0018519117385809658,0.00047449712596139935,0.6425983798107868
0.009303941690744557,-0.0014792229915886268,0.6382407121827034
-0.0013662421088881434,-0.0033405723758390495,0.6463764531325858
0.0015871287292773938,-0.003657006127606043,0.6560671517571685
0.0031662171178936578,0.006065744099000303,0.666494976421724
0.003991315630834084,0.009068768232315557,0.6628059576171017
0.0011058835620210482,0.0006882265055468104,0.6721478354265832
0.00409836431104826,-0.0012930709235764598,0.6828311401624643
0.005103896173240583,0.0014123040932317234,0.6834511189294941
-0.003853671408049953,-0.009903918819947994,0.6868271885559166
0.001295987136922298,0.0009414823323477802,0.6883782741484292
-0.0017684651458660145,0.007037030170238837,0.701268824294814
0.0024972129592741405,-0.0011959623866143985,0.7068976213799817
0.00516950219316746,0.0030655277664855016,0.7079244619512252
0.001180640047642735,-0.003456451882194045,0.7139168191881186
0.002404312206578762,-0.002078235449723158,0.719801070607121
0.005760125073404121,-0.0006157437178846558,0.7293589120715482
-0.001139809043267907,-0.004467325070066634,0.7319169075583434
-0.0013732509695639954,-0.007935427567114392,0.7327096909668422
-0.0016132070192390255,0.0059210166393565185,0.7407920957908807
-6.932753493148269e-05,0.0025589807153620285,0.7498182691789502
-0.0012841369421883577,0.006812703792788285,0.7595674291047276
-0.009625214791892307,0.0038722810354309325,0.7619944241291402
0.003947670919336541,0.00041354095684685576,0.768698207807633
0.007708133142907695,0.006852068598248493,0.7781106001306863
0.004240008332017675,0.0037236582186956934,0.780335437279162
-0.00437769763605528,0.009079080485926823,0.7831272493325017
0.0013506336929659628,0.0005373987056281159,0.789652151294234
-0.008353651726292604,0.0009749182348537562,0.7883317407518994
-0.0038505923895803575,-0.0073180523858691615,0.7921256048805889
0.00238407708488867,-0.0018866797967690154,0.8041127111415607
-0.0006273010190273274,-0.0045575965744777975,0.8072914463836695
-0.004956390583344628,-0.0011915917255244889,0.8068637031517043
-0.0015259615090994088,0.003650926034478392,0.8260540681268609
0.004575413969582211,0.001995124327559604,0.8228456991264458
0.003623866438876273,0.002082395766891624,0.8334759025482623
-0.0048017492127427185,0.001567656012913251,0.8436123765585278
0.0029615512277291183,-0.0008971689510406606,0.845754651296582
2.5019443064491205e-05,0.0007181715431327581,0.8525314533437739
0.0013749391195917965,0.0002981770743702145,0.8562850672459698
-0.0032507869987465575,-0.00395313034379922,0.8622681082454459
-0.0023510141983669303,0.002228333527588277,0.858610892001761
0.00476508623490649,-0.00039335095242312923,0.8781337701490401
-0.00983765858782377,-0.006681342492437148,0.8826815728723875
0.0006320382945395016,0.0012191080823169395,0.883188920302081
0.0006507382986616247,0.0021539775556613013,0.8842736109455813
-0.0006462483129388589,0.005188052889934051,0.894593740703197
-0.002445681699503282,0.00040294772628511724,0.9036155235730706
-0.0007696126889152052,-0.0006828347045996835,0.9070041290712475
0.0034057031303605465,0.00589474528195043,0.9101276769031845
0.0014130286872515263,0.004182286683359016,0.9086709910500016
0.0006092161816676975,0.0018776420976557258,0.9215003551588993
-0.0033420378958613647,0.0023774396121873428,0.932370236198532
-0.0002953579763335313,-0.001860589995150475,0.9321678866420317
0.006258612888866031,0.005017606376685397,0.9387934402999288
-0.0042858323772031765,-0.00495460409637958,0.9429341261628941
-0.001170111428668002,0.0011499782674144461,0.9453108639614248
-0.0004045839244506125,0.002216626762062078,0.9486848650911252
0.009243013985274925,0.0023963981627625306,0.963095593802344
-0.005080352316958457,-0.003975750028557468,0.9706499530496504
0.0036536049780966006,-0.009585935040234349,0.9767928272081292
0.003027848375244374,0.002613124238530056,0.9733561218227474
0.0011625204899593355,-0.0022808757982181616,0.9856208796455581
0.007486148080189361,0.0027043143227001684,0.9930329201196177
-0.001091555011151484,-0.003922546125520364,0.9946294076974806
0.004303668213142314,0.006030587873637535,0.9999316926647698
0.0011844599610513263,-0.0014171762092621807,0.2333167398365661
0.0018067376770579146,0.0031576513508291084,0.24099639990278654
0.002064203500389234,-0.0038281461020985034,0.2453511653159234
0.009561350818624364,0.0048535285000134935,0.249974703059664
0.007102668761861625,0.0034978942006787827,0.250905234421335
0.0033466662585511973,0.01973547098766116,0.2533589075507316
0.003554433685708986,0.0035120851057605634,0.26096408026282514
0.01164096409110165,0.012761739636251074,0.25204043231924744
0.008226334028915313,0.00784927171955779,0.2643306142985276
0.009664412646637362,0.02188794083364786,0.26448533836428045
0.0117566777426749,0.021027037559628085,0.2565048398191876
0.01100263472076542,0.015522164906438051,0.2716198003621909
0.019911350553627128,0.019975155896405417,0.2627310680854089
0.014786323700691311,0.015544512865014584,0.2772778918539617
0.01642226376095802,0.023669026472138102,0.28217481683315615
0.019172105352780945,0.025441108467879517,0.2756984303952207
0.020943510006862752,0.024117711747347115,0.27976114167382315
0.02231592501899956,0.02363582411967667,0.28963401431744945
0.02073369623896839,0.027412662932633947,0.2834521168100787
0.015576053548247485,0.03148455808632872,0.2880257755526772
0.020395587919344343,0.025817889151434886,0.28311569757656957
0.02830331156918255,0.03605064372166576,0.29689239653697713
0.02326779484497471,0.023956335692283375,0.2965952650292016
0.03644958922181223,0.03203113778150759,0.30114280479375893
0.02541755218514764,0.032318770741190925,0.3011677931895139
0.030623601012400917,0.03274142345851435,0.304600414360045
0.03104777790439529,0.030506849540161085,0.30731177862799425
0.03579458262201594,0.031272544437434935,0.30852214427872016
0.03385663413741524,0.03854007477541241,0.30921923130617074
0.036235683434057496,0.033560117286664325,0.31252810355728633
0.03848105933076208,0.0448318941254223,0.3140106255694834
0.034558390335776415,0.04609630559044265,0.30850262818430313
0.04783553604730245,0.03486241136582469,0.32467489090899504
0.04177291481288806,0.040915345190694216,0.3217040991406888
0.043349306689112826,0.041196477009036,0.3214781130182619
0.04698246778459311,0.035097893265441396,0.3235851703043435
0.0443179843696103,0.039270016024950116,0.33383591483406183
0.04428505228606447,0.036408298218841076,0.3269419854908094
0.04728240542072065,0.042214685999533944,0.33091443503947754
0.04901320470882756,0.037669653693349646,0.3367003260332636
0.043409350643129584,0.04239435166317371,0.3425283823163511
0.04940715767127731,0.0396746453582942,0.33766289961892526
0.0580410764374635,0.04235457443301547,0.35536618563154343
0.05449741889878775,0.03614404456227075,0.3443319956265366
0.05159365895618464,0.04023844706851007,0.34996920163861117
0.061613053407025484,0.04071805446871128,0.3495584575101379
0.06438986425908724,0.041057495081332995,0.3570205769950778
0.055830907508894606,0.034973586832073245,0.35361174724792155
0.060244377041147844,0.02908381039143693,0.3634685932998697
0.062272450908474566,0.040679297416784575,0.36424368839445614
0.07039948809910684,0.03898698309943399,0.36514884125058306
0.06277221616308025,0.03654140803868396,0.3731626751329555
0.05999914712622547,0.03252257083054687,0.3697404327102217
0.07482356417147318,0.03019599807691454,0.36933717216146505
0.07028906245244464,0.04619539944799714,0.37017483620344555
0.07036648386655737,0.03588776684400393,0.37331872691453727
0.07384574859184766,0.03364207330363489,0.37718903405121806
0.07501664954108908,0.03790719321103916,0.38162505946418135
0.07321382311639035,0.027005244909434702,0.3845347599407789
0.08037314874963604,0.029506309336381008,0.3873370261020752
0.08811339683041912,0.024742307571633145,0.3842614988742782
0.0799077038214422,0.025759201246638098,0.39334043623391723
0.0850553038884831,0.026832337791624333,0.3927357499184737
0.08346301220151771,0.02607455318402476,0.3956255953638417
0.08037801265416461,0.025511688505496816,0.39765482385757206
0.0793802235097904,0.02422734267294607,0.398842904428683
0.08307990006059685,0.0227241529751337,0.4002505465925037
0.08580240788973953,0.01479337303755367,0.39973973208630154
0.08895059842564068,0.02349437870966797,0.40480544437142535
0.09370141137125393,0.020074553843051703,0.41677470953994233
0.0860654475066083,0.011727041419541097,0.41980388819288267
0.09142389945204,0.012811595127258739,0.41854466065649587
0.09537507347106516,0.009152654011341544,0.41735667770190404
0.09678139520273726,0.010890851019142285,0.41777920230067817
0.10063759808032782,0.011674758079426334,0.42190258608242087
0.09463454181562343,0.010406531161619926,0.4160213330597777
0.0985570226168456,0.0027946088929935186,0.4254391877913677
0.10295326524379159,0.004813286001029772,0.44282254391322523
0.09988074444961613,0.003497403781886519,0.4275368070005645
0.1060754167751917,-0.0019070637416865233,0.43648716149228545
0.005648688142104544,0.038857736447758084,0.5124485849685867
0.00342196063430079,0.03321467847512213,0.5098902018674613
-0.009924503739377828,0.03798469036248133,0.5245614234348306
-0.0073277399657416566,0.03652429342933361,0.5185703996448693
-0.006275701406511984,0.029861950629349734,0.5263466204255216
-0.00608389100806882,0.03502763448090065,0.5220152258891348
-0.01609217884760742,0.04049147788206354,0.5349206014552907
-0.018728283678274924,0.03260432321486761,0.5326582540597323
-0.015879786967406433,0.04201135811617133,0.5325838325113913
-0.01620989360379601,0.04392627893049106,0.5319086021483137
-0.02251803649091316,0.04226756558342212,0.5445971582570939
-0.025732973716820554,0.032278097581417316,0.5415080582065885
-0.031417114581458065,0.038097993061808326,0.5518124378976996
-0.030461798993753605,0.040617356932638383,0.5459634013512389
-0.026416458985295918,0.03781287418469518,0.5497209477161108
-0.024862232649950734,0.04163664022339391,0.5597246189763981
-0.0424714417512921,0.04590607422172548,0.5669624342282257
-0.03723211034585952,0.0388733649908162,0.5608788598960205
-0.03457167628696604,0.03359517030738282,0.5676087894133651
-0.033079769073162194,0.040141660948099823,0.5772941840160362
-0.043139136742553874,0.0380542510987467,0.5761698395989194
-0.04570644350564994,0.03927930023628571,0.5740191441338449
-0.05241380661820684,0.03720223723899699,0.5815678921247324
-0.04545370746065738,0.03764124226886959,0.5830887932572545
-0.055651355422724015,0.036657783361435485,0.5843537220736086
-0.054659533554207884,0.03698621588224425,0.5895010010769695
-0.05141004530068094,0.039143500823575414,0.5932659199582433
-0.0633177346709083,0.03211421729011773,0.5945156959296988
-0.06021652248669189,0.03745965438717092,0.5904286010350218
-0.062079965278823854,0.03419945972641996,0.5992200963815998
-0.06811986549755579,0.03370579910873854,0.603046691661653
-0.06525575565078227,0.02385404945062418,0.6031946123557784
-0.0632259833052739,0.03176594895936542,0.6068388242293494
-0.07274402345327038,0.024658989315169386,0.6187100674699976
-0.06793724344155416,0.03225210657992209,0.6209595315338611
-0.07393141467840324,0.0328480549076763,0.6218185023686813
-0.07233623209815224,0.02634977602998617,0.6220838177927451
-0.08234216951631823,0.023364797690782427,0.6192884334020607
-0.07699871471922722,0.029544884975404084,0.6315805097464697
-0.08047636799214675,0.023580841284082405,0.6337385786822337
-0.09196552524141975,0.02104929703412531,0.6277242784642428
-0.09148510976164512,0.018830841465841474,0.636773924659719
-0.0951830699672679,0.023655607484183112,0.6450523451620175
-0.09523666231213626,0.01225719484038371,0.642294291457582
-0.09161589789350587,0.0080975358569476,0.6505211949064779
-0.09803311562654823,0.012596752890870642,0.6544815081600875
-0.0996158685672274,0.011268400082316292,0.6584643004946146
-0.10816846870265087,0.017538204475800928,0.6533194048379856
-0.10735139470864301,0.015896689089568018,0.6729585061727227
-0.1013318550631831,0.004738074070233259,0.6542665640981014
-0.10742381085304722,0.006506516967975139,0.6637056483803644
-0.11106619013250858,0.002237392047343125,0.6724668427219681
-0.11307630157081301,0.002504676284395705,0.6635301462932224
-0.11391764404168297,-0.0040271575599944666,0.6782549878068802
-0.11724213730600402,-0.007903923664706573,0.6771113733765425
-0.12401680008580514,0.0007334948858704843,0.6833188530911896
-0.11729527689649419,-0.0061237064468291115,0.6865979563857547
-0.12911238539673875,-0.0033727710639626634,0.6868279333051703
-0.12491831034653186,-0.006292143176015614,0.6948883172726089
-0.12940474527692222,-0.008542580576804322,0.699494990978723
-0.1304927367810226,-0.011479815846332196,0.6934890399715791
-0.13234262917454845,-0.011049469634036723,0.7027157793995115
-0.13524830045826702,-0.00970877471576754,0.7022332626653304
-0.1304374718721498,-0.014123665600076687,0.7090825819393671
-0.13740189930970098,-0.020619718441159576,0.71359433117623
-0.14277094615354968,-0.01321233582530019,0.7046923500720649
-0.1506297846607168,-0.02621725484816478,0.7085840122974801
-0.1470488965981123,-0.019865252691706376,0.7148933762803927
-0.1490577890092589,-0.023813523760668254,0.7248008801900302
-0.14707283855494563,-0.021260194663366077,0.7275440451552558
-0.14527815461883886,-0.021178891403394177,0.722068303479304
-0.15508443623423293,-0.026187547151348273,0.7344312863113236
-0.1545401743877967,-0.02280975731572175,0.728190667229366
-0.15308466182503314,-0.027997298638309603,0.741214522698439
-0.15889133829152532,-0.03203378173130864,0.7372656373665569
-0.16061254334835706,-0.025134909038232515,0.7399953813442721
-0.16971003292094458,-0.03884864464194099,0.7429783617513595
-0.17035535258500975,-0.03291161664255676,0.7521398464817052
-0.17155917423747338,-0.037130346378234744,0.751320559838188
-0.17213151030052973,-0.03304766852321436,0.756441801959472
-0.0006822125897413008,0.038550223709614834,0.7788480962061298
-0.0022522200113173716,0.034989225702915294,0.7893840538616196
0.0005109592693527268,0.04460941738313294,0.7821137556577327
0.00845320608334051,0.027768044752942,0.7857632401267407
0.01318561411321709,0.02864328960899045,0.7853596609544781
0.010636191071297109,0.03375257568339032,0.7844332897529752
0.006302697292565845,0.03253903100155547,0.7935027846548218
0.016039693643168495,0.029744444123532072,0.7968666830305065
0.019783508669895693,0.024532058707643967,0.8004630589113884
0.019883367254557104,0.033291641809833954,0.7969988995748711
0.01865905605037422,0.027415265742544024,0.7986933897294948
0.024643532952485166,0.026807647455559018,0.7987268898002599
0.023577566374695443,0.02050075733922675,0.7985557606065358
0.020348857130747723,0.023490616428491796,0.8072099816131907
0.025884188666494678,0.024226405885496797,0.8163497179562812
0.023763156989491812,0.022433981464370745,0.8119471670615417
0.025398801154542277,0.017412916100277485,0.8137187404688203
0.03206226637292931,0.014716037557534353,0.8179801198561675
0.034753903636549024,0.019040717303654028,0.8232457332773959
0.030733883022707444,0.018933832842747796,0.8209475243197571
0.034164654315308685,0.013365965798581535,0.819519643003048
0.03488017942192521,0.015226677409182952,0.8201844607238566
0.033390638339544934,0.013756171108141702,0.8233516681944822
0.044639014446870955,0.00980727976712344,0.8261084876499577
0.04358575513968684,-0.0024149726644166454,0.8277619265109282
0.04251392070166194,0.00784311875869649,0.8283718445916454
0.04627345663692883,0.004677057425263981,0.8289844075905954
0.04792746734155308,0.0008113486578654626,0.8370840135462735
0.04692086240067196,0.004095217555759121,0.8370146285369349
0.05249016790452655,0.0008569435655339785,0.8435657070974599
0.06080226740778174,-0.006125795800200061,0.8469098544396314
0.05833397450336795,0.0014355813753244699,0.8396175684234308
0.059408670629502794,-0.005670243604039739,0.8408519296934055
0.060180168377077306,-0.0033005273195533956,0.8521789903460237
0.06637839234158045,-0.007288478473203138,0.8481729909329456
0.07370643391477615,-0.015167191557407391,0.8472593110291967
0.06456760657018011,-0.010788730277076096,0.8522060615467036
0.07243840309258977,-0.019102308542078505,0.8592760323696789
0.0781538293516969,-0.01109759841702351,0.8569375581803277
0.07083583237859103,-0.011737913046147654,0.8535256858065243
0.07196078136070055,-0.02395725530427182,0.8616364609808607
0.08407859762160727,-0.020526239062460035,0.8684248193369093
0.07459892467086976,-0.022381221900834095,0.8640780782328793
0.0847730539745182,-0.025009214830326053,0.8657452402010631
0.08257861318991107,-0.0169068563667231,0.8706541110272664
0.09134383854873294,-0.022666214137114362,0.8714915107686572
0.09077788413241909,-0.027712614371050458,0.8709873769204421
0.08860383045865017,-0.032662600638202026,0.8719644912734615
0.08693364824726126,-0.027695961349689494,0.882684531445174
0.09639944599550082,-0.02970707966128807,0.8816130403063783
0.09262284401154905,-0.035535271307020416,0.88434124116982
0.09286023891111883,-0.02813980423321908,0.8827075274568145
0.09365829452219686,-0.030753050925722288,0.8847403015409445
0.09435565170875757,-0.028953641652837703,0.8901609729204523
0.10255325972506693,-0.03354988373753809,0.8888053110615328
0.09231675851392805,-0.0368631445955596,0.8913163934457868
0.10672048615192611,-0.040536111059205626,0.8969377998204733
0.10708485506316626,-0.030448120605883866,0.8943373076236371
0.10889725879225293,-0.035848199189483516,0.9015064293104582
0.11575183944349253,-0.03554633887171732,0.8958363378822976
0.11905263605450297,-0.04565376400811469,0.9058484351846354
0.11963617319171745,-0.04105260437863731,0.9052440049667028
0.11611628727076195,-0.0431453041930363,0.9089320867285519
0.11455284597050364,-0.03789468258217506,0.9119037853371068
0.12442813624180439,-0.034155515464405914,0.9132695105585428
0.12396358938567215,-0.040525487045812346,0.9134296483015222
0.1273854352818728,-0.036797905567909336,0.9175821116202633
0.1257837248306759,-0.0359151176138907,0.9134156666139767
0.12563743109275546,-0.0391207519548128,0.9242460157509144
0.12476746825008825,-0.04412077122805705,0.9172081595807108
0.13428865774572663,-0.036769420591114155,0.9299481752917906
0.14218992446740586,-0.04440396316244957,0.9253022593929987
0.13307680829557827,-0.04377417462184178,0.928239450927367
0.1349550062362907,-0.03869296353381045,0.9287566953078406
0.13333370984006784,-0.03662687070705348,0.9343870669497439
0.13914159462328193,-0.04696503827215762,0.9252194100895083
0.13734079563151935,-0.03664845131001415,0.9388751691777941
0.1448533540380619,-0.03732047142959608,0.9284509300180738
0.1478544348664192,-0.039706779250106086,0.9393021364481845
0.1445545932399149,-0.044184881872481784,0.9453764957533903
